"Address","Content Type","Size (bytes)","IMG Inlinks","Indexability","Indexability Status","Dimensions"
"https://allsafeit-astro-website.little-wind-986c.workers.dev/images/blog/how-to-find-the-right-customer-support-platform/untitled-6-1.avif","image/avif","43360","5","Indexable","",""
"https://allsafeit-astro-website.little-wind-986c.workers.dev/images/blog/it-support-in-orange-county-with-new-alsafeit-newport-office/blog-images-6-orange-county-press-release.jpeg","image/jpeg","259373","2","Indexable","",""
"https://allsafeit-astro-website.little-wind-986c.workers.dev/images/industry/it-services-for-business-management-los-angeles/verve.avif","image/avif","26424","2","Indexable","",""
"https://allsafeit-astro-website.little-wind-986c.workers.dev/images/industry/it-services-for-manufacturing-los-angeles/89.avif","image/avif","54454","2","Indexable","",""
"https://allsafeit-astro-website.little-wind-986c.workers.dev/images/blog/return-policy/allsafe-it-return-policy.jpeg","image/jpeg","44420","121","Indexable","",""
"https://allsafeit-astro-website.little-wind-986c.workers.dev/images/blog/dont-get-held-hostage-by-ransomware/dont-get-held-hostage-by-ransomware-1.png","image/png","336482","3","Indexable","",""
"https://allsafeit-astro-website.little-wind-986c.workers.dev/images/blog/asian-americans-and-pacific-islanders-in-tech/blog-post-aapi-month.jpeg","image/jpeg","189949","3","Indexable","",""
"https://allsafeit-astro-website.little-wind-986c.workers.dev/images/blog/brute-force-password/blog-post-brute-force-password-attacks-title.avif","image/avif","11456","3","Indexable","",""
"https://allsafeit-astro-website.little-wind-986c.workers.dev/images/blog/is-your-i-t-guy-treating-you-like-a-bad-date/is-your-it-guy-treating-you-like-a-bad-date.png","image/png","190405","3","Indexable","",""
"https://allsafeit-astro-website.little-wind-986c.workers.dev/images/blog/cloud-migration-best-practices/main-cloud-migration-best-practices-and-developing-your-migration-plan.jpeg","image/jpeg","248302","2","Indexable","",""
"https://allsafeit-astro-website.little-wind-986c.workers.dev/images/blog/cloud-server-security/main-cloud-server-security-essential-cloud-security-best-practices.jpeg","image/jpeg","456024","2","Indexable","",""
"https://allsafeit-astro-website.little-wind-986c.workers.dev/images/blog/best-file-sharing-software-platforms/best-file-sharing-software-platforms-for-business.png","image/png","320985","3","Indexable","",""
"https://allsafeit-astro-website.little-wind-986c.workers.dev/images/blog/how-fintech-business-can-choose-a-cloud-services-provider/how-fintech-business-can-choose-a-cloud-services-provider.jpeg","image/jpeg","146592","3","Indexable","",""
"https://allsafeit-astro-website.little-wind-986c.workers.dev/images/blog/friday-the-13th-cybersecurity/blog-post-friday-the-13th.avif","image/avif","72844","3","Indexable","",""
"https://allsafeit-astro-website.little-wind-986c.workers.dev/images/blog/time-spent-talking-to-chatbots-2025-survey/human-and-chatbot-interaction.avif","image/avif","50646","3","Indexable","",""
"https://allsafeit-astro-website.little-wind-986c.workers.dev/images/blog/microsoft-copilot/introducing-microsoft-copilot-your-ai-co-pilot-for-enhanced-productivity.jpeg","image/jpeg","78648","3","Indexable","",""
"https://allsafeit-astro-website.little-wind-986c.workers.dev/images/blog/most-expensive-ransomware-payouts/ransomware-payouts_hero-image_090220.avif","image/avif","9414","3","Indexable","",""
"https://allsafeit-astro-website.little-wind-986c.workers.dev/images/blog/broadband-internet-vs-fiber-internet/blog-post-broadband-internet-vs-fiber-internet-1-title.avif","image/avif","70330","3","Indexable","",""
"https://allsafeit-astro-website.little-wind-986c.workers.dev/images/blog/is-disaster-recovery-a-part-of-it-security/blog-post-disaster-recovery-it-security.png","image/png","1329828","3","Indexable","",""
"https://allsafeit-astro-website.little-wind-986c.workers.dev/images/blog/how-to-update-your-verizon-privacy-settings/blog-post-verizon-privacy-settings-1b-title.jpeg","image/jpeg","237447","3","Indexable","",""
"https://allsafeit-astro-website.little-wind-986c.workers.dev/images/blog/solution-to-speed-up-slow-computer/solutions-to-speed-up-your-slow-computer-sytems.png","image/png","324255","3","Indexable","",""
"https://allsafeit-astro-website.little-wind-986c.workers.dev/images/blog/proactive-maintenance-benefits/allsafeit_blog-1.webp","image/webp","184286","2","Indexable","",""
"https://allsafeit-astro-website.little-wind-986c.workers.dev/images/blog/human-error/blog-post-human-error.jpeg","image/jpeg","222739","3","Indexable","",""
"https://allsafeit-astro-website.little-wind-986c.workers.dev/images/blog/co-managed-it-services/main-co-managed-it-services-a-collaborative-approach-for-businesses.jpeg","image/jpeg","576857","2","Indexable","",""
"https://allsafeit-astro-website.little-wind-986c.workers.dev/images/blog/enterprise-managed-services/thumbnail-empowering-enterprise-managed-services-harness-growth-in-2024.jpeg","image/jpeg","102984","3","Indexable","",""
"https://allsafeit-astro-website.little-wind-986c.workers.dev/images/blog/it-project-management-guide/it-project-management-guide-2024-top-7-software-benefits-steps-1.jpeg","image/jpeg","81868","3","Indexable","",""
"https://allsafeit-astro-website.little-wind-986c.workers.dev/images/blog/it-issues/main-9-common-it-problems-for-businesses-in-2025-solutions-included-to-these-it-issues.avif","image/avif","36468","2","Indexable","",""
"https://allsafeit-astro-website.little-wind-986c.workers.dev/images/blog/it-project-planning-best-practices/expert-tips-for-it-project-planning-best-practices.jpeg","image/jpeg","175761","3","Indexable","",""
"https://allsafeit-astro-website.little-wind-986c.workers.dev/images/blog/it-infrastructure-components/sdsaf17nrnzvtty6hdyk.webp","image/webp","69444","3","Indexable","",""
"https://allsafeit-astro-website.little-wind-986c.workers.dev/images/blog/different-types-of-hackers/blog-post-different-types-of-hackers.jpeg","image/jpeg","360990","3","Indexable","",""
"https://allsafeit-astro-website.little-wind-986c.workers.dev/images/blog/how-to-know-if-your-computer-is-hacked/blog-post-how-to-tell-if-your-computer-is-hacked.jpeg","image/jpeg","228129","3","Indexable","",""
"https://allsafeit-astro-website.little-wind-986c.workers.dev/images/blog/it-professional-services/best-it-professional-services.avif","image/avif","25646","3","Indexable","",""
"https://allsafeit-astro-website.little-wind-986c.workers.dev/images/blog/how-do-you-define-a-disaster/how-do-you-define-a-disaster_-2.png","image/png","698612","3","Indexable","",""
"https://allsafeit-astro-website.little-wind-986c.workers.dev/images/blog/huge-password-flaw-found-in-macos-high-sierra/huge-password-flaw-found-in-macos-high-sierra_hero-image_090220.jpeg","image/jpeg","110343","3","Indexable","",""
"https://allsafeit-astro-website.little-wind-986c.workers.dev/images/blog/how-to-accurately-calculate-the-cost-of-cloud-storage/how-to-accurately-calculate-the-cost-of-cloud-storage-1.avif","image/avif","41546","3","Indexable","",""
"https://allsafeit-astro-website.little-wind-986c.workers.dev/images/blog/allsafe-it-achieves-bbb-accreditation/untitled-2-bbb-accreditation.avif","image/avif","51730","2","Indexable","",""
"https://allsafeit-astro-website.little-wind-986c.workers.dev/images/blog/google-and-yahoo-new-email-authentication-requirements/image6.webp","image/webp","137138","3","Indexable","",""
"https://allsafeit-astro-website.little-wind-986c.workers.dev/images/blog/how-to-evaluate-cloud-service-provider-security/main-a-guide-on-how-to-evaluate-cloud-service-provider-security-for-businesses.jpeg","image/jpeg","533115","2","Indexable","",""
"https://allsafeit-astro-website.little-wind-986c.workers.dev/images/blog/business-continuity-vs-disaster-recovery/difference-between-business-continuity-and-disaster-recovery-2-1.png","image/png","409776","3","Indexable","",""
"https://allsafeit-astro-website.little-wind-986c.workers.dev/images/blog/back-to-school-cybersecurity/blog-post-back-to-school.avif","image/avif","30661","3","Indexable","",""
"https://allsafeit-astro-website.little-wind-986c.workers.dev/images/blog/key-security-considerations-for-protecting-remote-workers/featured-03.jpeg","image/jpeg","282054","3","Indexable","",""
"https://allsafeit-astro-website.little-wind-986c.workers.dev/images/blog/compromised-data-comes-in-many-forms/blog-post-compromised-data.jpeg","image/jpeg","305816","3","Indexable","",""
"https://allsafeit-astro-website.little-wind-986c.workers.dev/images/blog/it-services/main-get-support-today-10-types-of-it-services-your-business-can-t-afford-to-ignore.jpeg","image/jpeg","98546","2","Indexable","",""
"https://allsafeit-astro-website.little-wind-986c.workers.dev/images/blog/best-free-vpns-for-windows/5-best-vpns-for-windows-in-2021.png","image/png","700240","3","Indexable","",""
"https://allsafeit-astro-website.little-wind-986c.workers.dev/images/blog/difference-between-spear-phishing-vs-phishing/pear-phishing-vs-phishing.avif","image/avif","70034","3","Indexable","",""
"https://allsafeit-astro-website.little-wind-986c.workers.dev/images/blog/how-allsafeit-brightgauge-work-together/how-allsafeit-brightgauge-work-together_hero-image_09020.jpeg","image/jpeg","133452","3","Indexable","",""
"https://allsafeit-astro-website.little-wind-986c.workers.dev/images/blog/cyberattack-fears-increase-among-americans/blog-post-cyberattack-fears.jpeg","image/jpeg","365288","3","Indexable","",""
"https://allsafeit-astro-website.little-wind-986c.workers.dev/images/blog/enable-microsoft-copilot/main-how-to-enable-microsoft-copilot-and-access-the-microsoft-365-app.jpeg","image/jpeg","410624","2","Indexable","",""
"https://allsafeit-astro-website.little-wind-986c.workers.dev/images/blog/how-to-prepare-for-a-cyber-attack/main-how-to-prepare-for-a-cyber-attack-essential-tips-to-safeguard-against-cyberattacks.jpeg","image/jpeg","513306","2","Indexable","",""
"https://allsafeit-astro-website.little-wind-986c.workers.dev/images/blog/it-project-launch-process/main-effective-it-project-launch-process-in-10-steps.jpeg","image/jpeg","179446","2","Indexable","",""
"https://allsafeit-astro-website.little-wind-986c.workers.dev/images/blog/cybersecurity-compliance/main-cybersecurity-compliance-a-roadmap-for-business-owners-to-stay-compliant.jpeg","image/jpeg","416336","2","Indexable","",""
"https://allsafeit-astro-website.little-wind-986c.workers.dev/images/blog/types-of-it-services/types-of-it-services-1.png","image/png","279242","3","Indexable","",""
"https://allsafeit-astro-website.little-wind-986c.workers.dev/images/blog/credential-stuffing/blog-post-credential-stuffing.avif","image/avif","60272","3","Indexable","",""
"https://allsafeit-astro-website.little-wind-986c.workers.dev/images/blog/ai-and-cybersecurity/blog-post-ai-and-cybersecurity.jpeg","image/jpeg","506291","3","Indexable","",""
"https://allsafeit-astro-website.little-wind-986c.workers.dev/images/blog/payment-portal-how-tos/image3.webp","image/webp","96666","3","Indexable","",""
"https://allsafeit-astro-website.little-wind-986c.workers.dev/images/blog/phishing-scams/phishing-scams_hero-image_090220.jpeg","image/jpeg","48046","1","Indexable","",""
"https://allsafeit-astro-website.little-wind-986c.workers.dev/images/blog/it-services/thumbnail-get-support-today-10-types-of-it-services-your-business-can-t-afford-to-ignore.avif","image/avif","92513","1","Indexable","",""
"https://allsafeit-astro-website.little-wind-986c.workers.dev/images/blog/business-missing-100k-hidden-efficiency-ai-opportunity/ai_efficiency_thumb.webp","image/webp","32326","1","Indexable","",""
"https://allsafeit-astro-website.little-wind-986c.workers.dev/images/blog/allsafe-it-recognized-on-crn-2018-msp-500-list/crn-2018_hero-image_090220.jpeg","image/jpeg","130360","1","Indexable","",""
"https://allsafeit-astro-website.little-wind-986c.workers.dev/images/blog/it-project-launch-process/thumbnail-effective-it-project-launch-process-in-10-steps.jpeg","image/jpeg","93441","1","Indexable","",""
"https://allsafeit-astro-website.little-wind-986c.workers.dev/images/blog/how-to-recognize-protect-yourself-against-gift-card-scams/blog-post-gift-card-scams-1-title.jpeg","image/jpeg","144220","1","Indexable","",""
"https://allsafeit-astro-website.little-wind-986c.workers.dev/images/blog/how-to-improve-customer-service/5-cloud-solutions-that-will-help-you-improve-customer-service-in-2020-1.png","image/png","492348","1","Indexable","",""
"https://allsafeit-astro-website.little-wind-986c.workers.dev/images/blog/allsafe-it-crn-msp-500-list-2025/blog-2025crnmsp500thumb.webp","image/webp","53620","1","Indexable","",""
"https://allsafeit-astro-website.little-wind-986c.workers.dev/images/blog/allsafeit-top-los-angeles-it-services-company-by-upcity/allsafe-it-announced-as-a-top-los-angeles-it-services-company-by-upcity-1.png","image/png","146291","1","Indexable","",""
"https://allsafeit-astro-website.little-wind-986c.workers.dev/images/blog/allsafeit-making-their-presence-felt-in-the-la-it-industry/blog-post-clutch-list.jpeg","image/jpeg","169037","1","Indexable","",""
"https://allsafeit-astro-website.little-wind-986c.workers.dev/images/blog/smishing-text-spam/blog-post-smishing-and-text-spam-1-title.png","image/png","1034662","1","Indexable","",""
"https://allsafeit-astro-website.little-wind-986c.workers.dev/images/blog/proactive-maintenance-benefits/thumbnail-discover-the-key-proactive-maintenance-benefits-for-your-business.jpeg","image/jpeg","105277","1","Indexable","",""
"https://allsafeit-astro-website.little-wind-986c.workers.dev/images/blog/allsafe-it-recognized-on-crns-2022-msp-500-list/gfdgdfg-1.webp","image/webp","27650","1","Indexable","",""
"https://allsafeit-astro-website.little-wind-986c.workers.dev/images/blog/crn-msp-500-2024/blog-post-crn-msp-500.jpeg","image/jpeg","239506","1","Indexable","",""
"https://allsafeit-astro-website.little-wind-986c.workers.dev/images/blog/5-reasons-to-buy-office-365-from-allsafe-it/office-365_hero-image_090220.jpeg","image/jpeg","304020","1","Indexable","",""
"https://allsafeit-astro-website.little-wind-986c.workers.dev/images/blog/remote-working-for-business-continuity/work-from-home.jpeg","image/jpeg","81366","1","Indexable","",""
"https://allsafeit-astro-website.little-wind-986c.workers.dev/images/blog/allsafe-it-receives-first-review-on-clutch/allsafe-it-receives-first-review-on-clutch-1.png","image/png","280056","1","Indexable","",""
"https://allsafeit-astro-website.little-wind-986c.workers.dev/images/blog/benefits-of-on-premise-phone-systems/benefits-of-on-premise-phone-systems-2020-1.png","image/png","275126","1","Indexable","",""
"https://allsafeit-astro-website.little-wind-986c.workers.dev/images/blog/allsafeit-clutch/blog-post-clutch.jpeg","image/jpeg","331444","1","Indexable","",""
"https://allsafeit-astro-website.little-wind-986c.workers.dev/images/blog/in-house-vs-managed-it-services/thumbnail-in-house-vs-managed-it-services-making-the-right-choice-for-your-business.jpeg","image/jpeg","122280","1","Indexable","",""
"https://allsafeit-astro-website.little-wind-986c.workers.dev/images/blog/kaiser-permanente-email-hack/blog-post-kaiser-permanente-breach-01-title.jpeg","image/jpeg","385610","1","Indexable","",""
"https://allsafeit-astro-website.little-wind-986c.workers.dev/images/blog/how-to-protect-your-small-business-from-cyberthreats/blog-post-how-to-protect-your-smb-from-cyberthreats.png","image/png","705848","1","Indexable","",""
"https://allsafeit-astro-website.little-wind-986c.workers.dev/images/blog/client-feedback-promotion/csat-incentive-blog-2024.webp","image/webp","45622","1","Indexable","",""
"https://allsafeit-astro-website.little-wind-986c.workers.dev/images/blog/co-managed-it-services/thumbnail-co-managed-it-services-a-collaborative-approach-for-businesses.jpeg","image/jpeg","281183","1","Indexable","",""
"https://allsafeit-astro-website.little-wind-986c.workers.dev/images/blog/fall-for-allsafe-it/image10.webp","image/webp","86346","1","Indexable","",""
"https://allsafeit-astro-website.little-wind-986c.workers.dev/images/blog/back-to-school-cybersecurity-tips/blog-post-back-to-school.png","image/png","923652","1","Indexable","",""
"https://allsafeit-astro-website.little-wind-986c.workers.dev/images/blog/crn-next-gen-250-list-2017/crn-2017_hero-image_090220.jpeg","image/jpeg","128197","1","Indexable","",""
"https://allsafeit-astro-website.little-wind-986c.workers.dev/images/blog/enable-microsoft-copilot/thumbnail-how-to-enable-microsoft-copilot-and-access-the-microsoft-365-app.jpeg","image/jpeg","219641","1","Indexable","",""
"https://allsafeit-astro-website.little-wind-986c.workers.dev/images/blog/it-support-for-business/blog-post-it-support-for-business-title.png","image/png","1106310","1","Indexable","",""
"https://allsafeit-astro-website.little-wind-986c.workers.dev/images/blog/can-your-mobile-phone-get-infected-with-malware/blog-post-mobile-phone-malware.jpeg","image/jpeg","290917","1","Indexable","",""
"https://allsafeit-astro-website.little-wind-986c.workers.dev/images/blog/are-cloud-computing-solutions-worth-implementing/are-cloud-computing-solutions-worth-implementing_-1.png","image/png","259194","1","Indexable","",""
"https://allsafeit-astro-website.little-wind-986c.workers.dev/images/blog/best-data-backup-solutions/best-data-backup-solutions-cloud-backup-2024.jpeg","image/jpeg","236082","1","Indexable","",""
"https://allsafeit-astro-website.little-wind-986c.workers.dev/images/blog/free-bdr-report/bdr-report_hero-image_090220.jpeg","image/jpeg","67471","1","Indexable","",""
"https://allsafeit-astro-website.little-wind-986c.workers.dev/images/blog/chrome-extensions-6-productivity-boosters/6-productivity-boosters_hero-image_090220-1.jpeg","image/jpeg","143125","1","Indexable","",""
"https://allsafeit-astro-website.little-wind-986c.workers.dev/images/blog/apple-security-update/blog-post-apple-security-update-1-title.jpeg","image/jpeg","220384","1","Indexable","",""
"https://allsafeit-astro-website.little-wind-986c.workers.dev/images/blog/how-to-prepare-for-a-cyber-attack/thumbnail-how-to-prepare-for-a-cyber-attack-essential-tips-to-safeguard-against-cyberattacks.jpeg","image/jpeg","268499","1","Indexable","",""
"https://allsafeit-astro-website.little-wind-986c.workers.dev/images/blog/free-antivirus-real-time-protection-2024/thumbnail-discover-the-best-free-antivirus-software-with-real-time-protection-for-2024.jpeg","image/jpeg","250996","1","Indexable","",""
"https://allsafeit-astro-website.little-wind-986c.workers.dev/images/blog/4-lessons-to-learn-from-deltas-dr-failure/delta_hero-image_090220.jpeg","image/jpeg","99525","1","Indexable","",""
"https://allsafeit-astro-website.little-wind-986c.workers.dev/images/blog/cybersecurity-compliance/thumbnail-cybersecurity-compliance-a-roadmap-for-business-owners-to-stay-compliant.jpeg","image/jpeg","194948","1","Indexable","",""
"https://allsafeit-astro-website.little-wind-986c.workers.dev/images/blog/how-to-fasttrack-an-urgent-ticket/image2.webp","image/webp","133848","1","Indexable","",""
"https://allsafeit-astro-website.little-wind-986c.workers.dev/images/blog/artificial-intelligence/blog-post-artificial-intelligence.jpeg","image/jpeg","544989","1","Indexable","",""
"https://allsafeit-astro-website.little-wind-986c.workers.dev/images/blog/how-to-evaluate-cloud-service-provider-security/thumbnail-a-guide-on-how-to-evaluate-cloud-service-provider-security-for-businesses.jpeg","image/jpeg","256750","1","Indexable","",""
"https://allsafeit-astro-website.little-wind-986c.workers.dev/images/blog/deepfakes-cybercrime/blog-post-deepfakes-and-cybercrime-01-title.jpeg","image/jpeg","231506","1","Indexable","",""
"https://allsafeit-astro-website.little-wind-986c.workers.dev/images/blog/cloud-server-security/thumbnail-cloud-server-security-essential-cloud-security-best-practices.jpeg","image/jpeg","231329","1","Indexable","",""
"https://allsafeit-astro-website.little-wind-986c.workers.dev/images/blog/healthcare-and-cybersecurity/blog-post-healthcare-cybersecurity.jpeg","image/jpeg","66738","1","Indexable","",""
"https://allsafeit-astro-website.little-wind-986c.workers.dev/images/blog/ways-to-manage-and-motivate-remote-teams/ways-to-manage-and-motivate-your-remote-team-1.png","image/png","333035","1","Indexable","",""
"https://allsafeit-astro-website.little-wind-986c.workers.dev/images/blog/microsoft-copilot-boost-business-productivity-and-creativity/blog-post-microsoft-copilot.png","image/png","582189","1","Indexable","",""
"https://allsafeit-astro-website.little-wind-986c.workers.dev/images/blog/boosting-business-success-with-prompt-engineering/blog-post-prompt-engineering.jpeg","image/jpeg","229585","1","Indexable","",""
"https://allsafeit-astro-website.little-wind-986c.workers.dev/images/blog/calculating-the-cost-of-it-downtime-for-industries/the-cost-of-it-downtime.png","image/png","336869","1","Indexable","",""
"https://allsafeit-astro-website.little-wind-986c.workers.dev/images/blog/fbi-warning-deepfake-driven-sextortion/blog-post-fbi-deepfake-warning.jpeg","image/jpeg","188544","1","Indexable","",""
"https://allsafeit-astro-website.little-wind-986c.workers.dev/images/blog/what-to-do-if-you-have-been-attacked/how-to-protect-yourself-and-what-to-do-if-you-have-been-attacked.png","image/png","764918","1","Indexable","",""
"https://allsafeit-astro-website.little-wind-986c.workers.dev/images/blog/how-to-measure-anything-in-cybersecurity-risk/ow-to-measure-anything-in-cybersecurity-risk.png","image/png","354381","1","Indexable","",""
"https://allsafeit-astro-website.little-wind-986c.workers.dev/images/blog/cloud-migration-best-practices/thumbnail-cloud-migration-best-practices-and-developing-your-migration-plan.jpeg","image/jpeg","126383","1","Indexable","",""
"https://allsafeit-astro-website.little-wind-986c.workers.dev/images/blog/cybersecurity/cybersecurity-allsafeit.png","image/png","250524","1","Indexable","",""
"https://allsafeit-astro-website.little-wind-986c.workers.dev/images/blog/helping-small-businesses-get-access-to-capital/featured-06.jpeg","image/jpeg","95045","1","Indexable","",""
"https://allsafeit-astro-website.little-wind-986c.workers.dev/images/blog/managed-detection-and-response/image4.webp","image/webp","131642","1","Indexable","",""
"https://allsafeit-astro-website.little-wind-986c.workers.dev/images/blog/6-things-you-can-do-to-avoid-zoom-fatigue/blog-post-zoom-fatigue-title2.png","image/png","1010875","1","Indexable","",""
"https://allsafeit-astro-website.little-wind-986c.workers.dev/images/blog/ransomware-in-healthcare/blog-post-ransomware-in-healthcare-title.png","image/png","937162","1","Indexable","",""
"https://allsafeit-astro-website.little-wind-986c.workers.dev/images/blog/it-issues/thumbnail-9-common-it-problems-for-businesses-in-2025-solutions-included-to-these-it-issues.avif","image/avif","61586","1","Indexable","",""
"https://allsafeit-astro-website.little-wind-986c.workers.dev/images/blog/what-you-need-to-know-about-spear-phishing/blog-post-spear-phishing-1-title.png","image/png","1298206","1","Indexable","",""
