"Address","Indexability","Outlinks","Unique Outlinks","External Outlinks","Unique External Outlinks"
"https://allsafeit-astro-website.little-wind-986c.workers.dev/blog/it-support-in-orange-county-with-new-alsafeit-newport-office/","Non-Indexable","125","55","11","9"
"https://allsafeit-astro-website.little-wind-986c.workers.dev/blog/how-to-find-the-right-customer-support-platform/","Non-Indexable","127","55","4","4"
"https://allsafeit-astro-website.little-wind-986c.workers.dev/blog/types-of-ai-models-transforming-businesses/","Non-Indexable","125","55","13","11"
"https://allsafeit-astro-website.little-wind-986c.workers.dev/blog/dont-get-held-hostage-by-ransomware/","Non-Indexable","126","55","4","4"
"https://allsafeit-astro-website.little-wind-986c.workers.dev/blog/law-firm-project-management-software/","Non-Indexable","126","56","6","6"
"https://allsafeit-astro-website.little-wind-986c.workers.dev/blog/asian-americans-and-pacific-islanders-in-tech/","Non-Indexable","126","56","6","5"
"https://allsafeit-astro-website.little-wind-986c.workers.dev/blog/brute-force-password/","Non-Indexable","126","56","7","7"
"https://allsafeit-astro-website.little-wind-986c.workers.dev/blog/is-your-i-t-guy-treating-you-like-a-bad-date/","Non-Indexable","126","55","4","4"
"https://allsafeit-astro-website.little-wind-986c.workers.dev/blog/cloud-migration-best-practices/","Non-Indexable","126","56","20","19"
"https://allsafeit-astro-website.little-wind-986c.workers.dev/blog/what-are-it-management-services/","Non-Indexable","126","56","18","14"
"https://allsafeit-astro-website.little-wind-986c.workers.dev/blog/mobile-security-threats/","Non-Indexable","126","55","9","8"
"https://allsafeit-astro-website.little-wind-986c.workers.dev/blog/what-you-need-to-know-about-meltdown-and-spectre/","Non-Indexable","126","56","7","7"
"https://allsafeit-astro-website.little-wind-986c.workers.dev/blog/what-is-a-voip-solution/","Non-Indexable","126","56","11","11"
"https://allsafeit-astro-website.little-wind-986c.workers.dev/blog/technical-workplace/","Non-Indexable","126","55","21","17"
"https://allsafeit-astro-website.little-wind-986c.workers.dev/blog/best-managed-it-services-provider-los-angeles/","Non-Indexable","130","55","5","5"
"https://allsafeit-astro-website.little-wind-986c.workers.dev/blog/cloud-server-security/","Non-Indexable","126","56","15","15"
"https://allsafeit-astro-website.little-wind-986c.workers.dev/blog/student-loan-scams/","Non-Indexable","126","56","4","4"
"https://allsafeit-astro-website.little-wind-986c.workers.dev/blog/what-is-a-deepfake/","Non-Indexable","126","56","7","7"
"https://allsafeit-astro-website.little-wind-986c.workers.dev/blog/microsoft-teams-vs-slack/","Non-Indexable","126","56","6","6"
"https://allsafeit-astro-website.little-wind-986c.workers.dev/blog/best-file-sharing-software-platforms/","Non-Indexable","126","56","11","11"
"https://allsafeit-astro-website.little-wind-986c.workers.dev/blog/microsoft-365-vs-google-workspace/","Non-Indexable","125","55","4","4"
"https://allsafeit-astro-website.little-wind-986c.workers.dev/blog/what-is-malvertising/","Non-Indexable","126","55","10","10"
"https://allsafeit-astro-website.little-wind-986c.workers.dev/blog/how-fintech-business-can-choose-a-cloud-services-provider/","Non-Indexable","126","56","10","8"
"https://allsafeit-astro-website.little-wind-986c.workers.dev/blog/friday-the-13th-cybersecurity/","Non-Indexable","126","56","10","10"
"https://allsafeit-astro-website.little-wind-986c.workers.dev/blog/time-spent-talking-to-chatbots-2025-survey/","Non-Indexable","127","56","11","10"
"https://allsafeit-astro-website.little-wind-986c.workers.dev/blog/microsoft-copilot/","Non-Indexable","126","55","11","11"
"https://allsafeit-astro-website.little-wind-986c.workers.dev/blog/solarwinds-heck-information/","Non-Indexable","126","55","9","8"
"https://allsafeit-astro-website.little-wind-986c.workers.dev/blog/what-is-remote-monitoring-and-management/","Non-Indexable","126","55","18","17"
"https://allsafeit-astro-website.little-wind-986c.workers.dev/blog/what-is-it-hardware-maintenance/","Non-Indexable","126","56","13","13"
"https://allsafeit-astro-website.little-wind-986c.workers.dev/blog/what-is-a-cio-solution/","Non-Indexable","126","55","11","11"
"https://allsafeit-astro-website.little-wind-986c.workers.dev/blog/what-you-need-you-know-about-the-krack-wifi-vulnerability/","Non-Indexable","126","56","7","6"
"https://allsafeit-astro-website.little-wind-986c.workers.dev/blog/allsafe-it-awards-2025-make-a-difference-grant-to-thomas-house-family-shelter/","Non-Indexable","125","55","6","6"
"https://allsafeit-astro-website.little-wind-986c.workers.dev/blog/most-expensive-ransomware-payouts/","Non-Indexable","126","56","7","7"
"https://allsafeit-astro-website.little-wind-986c.workers.dev/blog/broadband-internet-vs-fiber-internet/","Non-Indexable","126","56","4","4"
"https://allsafeit-astro-website.little-wind-986c.workers.dev/blog/what-does-the-global-chip-shortage-mean-for-you/","Non-Indexable","126","56","5","5"
"https://allsafeit-astro-website.little-wind-986c.workers.dev/blog/is-disaster-recovery-a-part-of-it-security/","Non-Indexable","126","55","8","7"
"https://allsafeit-astro-website.little-wind-986c.workers.dev/blog/it-process-automation-software/","Non-Indexable","126","55","18","18"
"https://allsafeit-astro-website.little-wind-986c.workers.dev/blog/what-is-hardware-virtualization/","Non-Indexable","126","55","9","8"
"https://allsafeit-astro-website.little-wind-986c.workers.dev/blog/how-to-update-your-verizon-privacy-settings/","Non-Indexable","126","56","6","5"
"https://allsafeit-astro-website.little-wind-986c.workers.dev/blog/solution-to-speed-up-slow-computer/","Non-Indexable","126","56","7","6"
"https://allsafeit-astro-website.little-wind-986c.workers.dev/blog/what-is-cybersecurity/","Non-Indexable","126","56","12","12"
"https://allsafeit-astro-website.little-wind-986c.workers.dev/blog/what-is-zero-trust/","Non-Indexable","126","56","15","14"
"https://allsafeit-astro-website.little-wind-986c.workers.dev/blog/microsoft-365-enterprise-vs-business/","Non-Indexable","127","56","9","9"
"https://allsafeit-astro-website.little-wind-986c.workers.dev/blog/proactive-maintenance-benefits/","Non-Indexable","126","55","13","12"
"https://allsafeit-astro-website.little-wind-986c.workers.dev/blog/end-of-support-for-onedrive-on-windows-7-and-8/","Non-Indexable","126","56","6","6"
"https://allsafeit-astro-website.little-wind-986c.workers.dev/blog/dangers-of-public-wifi/","Non-Indexable","126","56","8","8"
"https://allsafeit-astro-website.little-wind-986c.workers.dev/blog/human-error/","Non-Indexable","126","56","6","6"
"https://allsafeit-astro-website.little-wind-986c.workers.dev/blog/co-managed-it-services/","Non-Indexable","126","55","15","15"
"https://allsafeit-astro-website.little-wind-986c.workers.dev/blog/enterprise-managed-services/","Non-Indexable","126","55","13","13"
"https://allsafeit-astro-website.little-wind-986c.workers.dev/blog/it-project-management-guide/","Non-Indexable","126","55","12","12"
"https://allsafeit-astro-website.little-wind-986c.workers.dev/blog/it-issues/","Non-Indexable","127","56","14","11"
"https://allsafeit-astro-website.little-wind-986c.workers.dev/blog/how-to-accurately-calculate-the-cost-of-cloud-storage/","Non-Indexable","126","56","8","7"
"https://allsafeit-astro-website.little-wind-986c.workers.dev/blog/it-project-planning-best-practices/","Non-Indexable","126","55","14","14"
"https://allsafeit-astro-website.little-wind-986c.workers.dev/blog/allsafe-it-achieves-bbb-accreditation/","Non-Indexable","128","55","10","9"
"https://allsafeit-astro-website.little-wind-986c.workers.dev/blog/what-is-a-botnet-allsafeit/","Non-Indexable","126","56","9","8"
"https://allsafeit-astro-website.little-wind-986c.workers.dev/blog/it-infrastructure-checklist/","Non-Indexable","126","56","15","13"
"https://allsafeit-astro-website.little-wind-986c.workers.dev/blog/huge-password-flaw-found-in-macos-high-sierra/","Non-Indexable","126","55","4","4"
"https://allsafeit-astro-website.little-wind-986c.workers.dev/blog/what-industries-need-managed-it-services-in-los-angeles/","Non-Indexable","127","56","19","19"
"https://allsafeit-astro-website.little-wind-986c.workers.dev/blog/what-is-cloud-solution/","Non-Indexable","126","55","11","11"
"https://allsafeit-astro-website.little-wind-986c.workers.dev/blog/google-and-yahoo-new-email-authentication-requirements/","Non-Indexable","126","56","5","5"
"https://allsafeit-astro-website.little-wind-986c.workers.dev/blog/how-to-evaluate-cloud-service-provider-security/","Non-Indexable","127","57","12","12"
"https://allsafeit-astro-website.little-wind-986c.workers.dev/blog/it-audit/","Non-Indexable","126","56","11","10"
"https://allsafeit-astro-website.little-wind-986c.workers.dev/blog/it-professional-services/","Non-Indexable","130","55","6","6"
"https://allsafeit-astro-website.little-wind-986c.workers.dev/blog/business-continuity-vs-disaster-recovery/","Non-Indexable","126","56","8","7"
"https://allsafeit-astro-website.little-wind-986c.workers.dev/blog/internet-explorer-retires/","Non-Indexable","126","56","4","4"
"https://allsafeit-astro-website.little-wind-986c.workers.dev/blog/the-state-of-data-breaches-in-2023/","Non-Indexable","126","56","8","8"
"https://allsafeit-astro-website.little-wind-986c.workers.dev/blog/ransomware-intercept-x/","Non-Indexable","126","55","4","4"
"https://allsafeit-astro-website.little-wind-986c.workers.dev/blog/back-to-school-cybersecurity/","Non-Indexable","126","56","4","4"
"https://allsafeit-astro-website.little-wind-986c.workers.dev/blog/how-to-know-if-your-computer-is-hacked/","Non-Indexable","127","56","6","6"
"https://allsafeit-astro-website.little-wind-986c.workers.dev/blog/security-audits-every-business-should-conduct/","Non-Indexable","126","55","13","11"
"https://allsafeit-astro-website.little-wind-986c.workers.dev/blog/what-to-do-when-you-have-been-hacked/","Non-Indexable","126","56","11","10"
"https://allsafeit-astro-website.little-wind-986c.workers.dev/blog/key-security-considerations-for-protecting-remote-workers/","Non-Indexable","126","56","10","6"
"https://allsafeit-astro-website.little-wind-986c.workers.dev/blog/compromised-data-comes-in-many-forms/","Non-Indexable","126","56","6","5"
"https://allsafeit-astro-website.little-wind-986c.workers.dev/blog/when-iphone-cables-attack/","Non-Indexable","126","55","5","5"
"https://allsafeit-astro-website.little-wind-986c.workers.dev/blog/return-policy/","Non-Indexable","125","55","4","4"
"https://allsafeit-astro-website.little-wind-986c.workers.dev/blog/why-is-cybersecurity-important/","Non-Indexable","126","55","7","7"
"https://allsafeit-astro-website.little-wind-986c.workers.dev/blog/nist-compliance/","Non-Indexable","126","56","15","15"
"https://allsafeit-astro-website.little-wind-986c.workers.dev/blog/mdr-vs-soc/","Non-Indexable","126","55","6","6"
"https://allsafeit-astro-website.little-wind-986c.workers.dev/blog/how-do-you-define-a-disaster/","Non-Indexable","126","55","7","7"
"https://allsafeit-astro-website.little-wind-986c.workers.dev/blog/it-services/","Non-Indexable","126","55","24","17"
"https://allsafeit-astro-website.little-wind-986c.workers.dev/blog/benefits-of-using-managed-it-services/","Non-Indexable","126","56","10","8"
"https://allsafeit-astro-website.little-wind-986c.workers.dev/blog/managed-service-provider-pricing/","Non-Indexable","128","55","16","15"
"https://allsafeit-astro-website.little-wind-986c.workers.dev/blog/best-free-vpns-for-windows/","Non-Indexable","126","56","11","11"
"https://allsafeit-astro-website.little-wind-986c.workers.dev/blog/what-is-virtual-cio-services/","Non-Indexable","126","55","15","15"
"https://allsafeit-astro-website.little-wind-986c.workers.dev/blog/cybersecurity-solutions/","Non-Indexable","126","56","20","20"
"https://allsafeit-astro-website.little-wind-986c.workers.dev/blog/different-types-of-hackers/","Non-Indexable","126","55","5","5"
"https://allsafeit-astro-website.little-wind-986c.workers.dev/blog/what-is-a-cybersecurity-threat/","Non-Indexable","126","56","9","9"
"https://allsafeit-astro-website.little-wind-986c.workers.dev/blog/google-workspace-asset-management/","Non-Indexable","126","55","12","12"
"https://allsafeit-astro-website.little-wind-986c.workers.dev/blog/spam-filtering/","Non-Indexable","126","55","12","11"
"https://allsafeit-astro-website.little-wind-986c.workers.dev/blog/difference-between-spear-phishing-vs-phishing/","Non-Indexable","126","56","6","6"
"https://allsafeit-astro-website.little-wind-986c.workers.dev/blog/how-allsafeit-brightgauge-work-together/","Non-Indexable","126","56","4","4"
"https://allsafeit-astro-website.little-wind-986c.workers.dev/blog/what-is-a-computer-security-service/","Non-Indexable","126","56","12","10"
"https://allsafeit-astro-website.little-wind-986c.workers.dev/blog/prevent-mfa-fatigue-attacks/","Non-Indexable","126","56","6","6"
"https://allsafeit-astro-website.little-wind-986c.workers.dev/blog/crowdstrike-lessons-learned/","Non-Indexable","126","56","24","22"
"https://allsafeit-astro-website.little-wind-986c.workers.dev/blog/cyberattack-fears-increase-among-americans/","Non-Indexable","126","56","7","7"
"https://allsafeit-astro-website.little-wind-986c.workers.dev/blog/enable-microsoft-copilot/","Non-Indexable","126","56","13","12"
"https://allsafeit-astro-website.little-wind-986c.workers.dev/blog/multi-factor-authentication-mfa/","Non-Indexable","126","55","6","6"
"https://allsafeit-astro-website.little-wind-986c.workers.dev/blog/how-to-prepare-for-a-cyber-attack/","Non-Indexable","126","56","10","9"
"https://allsafeit-astro-website.little-wind-986c.workers.dev/blog/the-best-ai-tools-for-common-business-tasks/","Non-Indexable","126","55","7","7"
"https://allsafeit-astro-website.little-wind-986c.workers.dev/blog/it-project-launch-process/","Non-Indexable","126","55","15","15"
"https://allsafeit-astro-website.little-wind-986c.workers.dev/blog/cybersecurity-compliance/","Non-Indexable","126","56","18","16"
"https://allsafeit-astro-website.little-wind-986c.workers.dev/blog/technology-alignment-process/","Non-Indexable","126","55","10","9"
"https://allsafeit-astro-website.little-wind-986c.workers.dev/blog/remote-automation-solutions/","Non-Indexable","126","55","17","17"
"https://allsafeit-astro-website.little-wind-986c.workers.dev/blog/it-automation-services/","Non-Indexable","126","55","13","11"
"https://allsafeit-astro-website.little-wind-986c.workers.dev/blog/windows-11-tips-and-tricks/","Non-Indexable","126","56","7","7"
"https://allsafeit-astro-website.little-wind-986c.workers.dev/blog/types-of-it-services/","Non-Indexable","126","56","15","13"
"https://allsafeit-astro-website.little-wind-986c.workers.dev/blog/windows-11-what-you-need-to-know/","Non-Indexable","126","55","10","9"
"https://allsafeit-astro-website.little-wind-986c.workers.dev/blog/cyber-liability-insurance/","Non-Indexable","126","56","12","12"
"https://allsafeit-astro-website.little-wind-986c.workers.dev/blog/tmobile-confirms-unauthorized-access/","Non-Indexable","126","56","8","7"
"https://allsafeit-astro-website.little-wind-986c.workers.dev/blog/qr-codes-privacy/","Non-Indexable","126","56","8","8"
"https://allsafeit-astro-website.little-wind-986c.workers.dev/blog/microsoft-introduces-windows-365/","Non-Indexable","126","56","7","7"
"https://allsafeit-astro-website.little-wind-986c.workers.dev/blog/what-you-need-you-know-about-the-petya-ransomware-attack/","Non-Indexable","126","55","5","5"
"https://allsafeit-astro-website.little-wind-986c.workers.dev/blog/credential-stuffing/","Non-Indexable","127","56","7","7"
"https://allsafeit-astro-website.little-wind-986c.workers.dev/blog/ai-and-cybersecurity/","Non-Indexable","126","56","9","9"
"https://allsafeit-astro-website.little-wind-986c.workers.dev/blog/benefits-of-microsoft-365/","Non-Indexable","126","55","17","16"
"https://allsafeit-astro-website.little-wind-986c.workers.dev/blog/payment-portal-how-tos/","Non-Indexable","126","56","4","4"
"https://allsafeit-astro-website.little-wind-986c.workers.dev/blog/benefits-of-hiring-it-consulting-for-your-business/","Non-Indexable","126","55","10","8"
"https://allsafeit-astro-website.little-wind-986c.workers.dev/blog/it-infrastructure-components/","Non-Indexable","126","55","15","14"
"https://allsafeit-astro-website.little-wind-986c.workers.dev/blog/email-fatigue-security-risk/","Non-Indexable","126","55","4","4"
